<annotation>
	<folder>my-project-name</folder>
	<filename>images16.jpg</filename>
	<path>/my-project-name/images16.jpg</path>
	<source>
		<database>Unspecified</database>
	</source>
	<size>
		<width>275</width>
		<height>183</height>
		<depth>3</depth>
	</size>
	<object>
		<name>dog</name>
		<pose>Unspecified</pose>
		<truncated>0</truncated>
		<difficult>0</difficult>
		<bndbox>
			<xmin>65</xmin>
			<ymin>36</ymin>
			<xmax>195</xmax>
			<ymax>175</ymax>
		</bndbox>
	</object>
	<object>
		<name>dog</name>
		<pose>Unspecified</pose>
		<truncated>0</truncated>
		<difficult>0</difficult>
		<bndbox>
			<xmin>139</xmin>
			<ymin>19</ymin>
			<xmax>258</xmax>
			<ymax>146</ymax>
		</bndbox>
	</object>
</annotation>